DROP database newdatabase;
create database newdatabase;
use newdatabase;

CREATE TABLE branch (
    Branch_name VARCHAR(30) PRIMARY KEY,
    Branch_city VARCHAR(25),
    assets INT
);

-- Create the BankAccount table
CREATE TABLE BankAccount (
    Accno INT PRIMARY KEY,
    Branch_name VARCHAR(30),
    Balance INT,
    FOREIGN KEY (Branch_name) REFERENCES branch(Branch_name)
);

-- Create the BankCustomer table
CREATE TABLE BankCustomer (
    Customername VARCHAR(20) PRIMARY KEY,
    Customer_street VARCHAR(30),
    CustomerCity VARCHAR(35)
);

-- Create the Depositor table
CREATE TABLE Depositor (
    Customername VARCHAR(20),
    Accno INT,
    PRIMARY KEY(Customername, Accno),
    FOREIGN KEY (Accno) REFERENCES BankAccount(Accno),
    FOREIGN KEY (Customername) REFERENCES BankCustomer(Customername)
);

-- Create the Loan table
CREATE TABLE Loan (
    Loan_number INT PRIMARY KEY,
    Branch_name VARCHAR(30),
    Amount INT,
    FOREIGN KEY (Branch_name) REFERENCES branch(Branch_name)
);

-- Insert into branch table
INSERT INTO branch (Branch_name, Branch_city, assets) VALUES ('SBI_Chamrajpet', 'Bangalore', 50000);
INSERT INTO branch (Branch_name, Branch_city, assets) VALUES ('SBI_ResidencyRoad', 'Bangalore', 10000);
INSERT INTO branch (Branch_name, Branch_city, assets) VALUES ('SBI_Shivajiroad', 'Bombay', 20000);
INSERT INTO branch (Branch_name, Branch_city, assets) VALUES ('SBI_Parlimentroad', 'Delhi', 10000);
INSERT INTO branch (Branch_name, Branch_city, assets) VALUES ('SBI_Jantarmantar', 'Delhi', 20000);

-- Insert into BankAccount table
INSERT INTO BankAccount (Accno, Branch_name, Balance) VALUES (1, 'SBI_Chamrajpet', 2000);
INSERT INTO BankAccount (Accno, Branch_name, Balance) VALUES (2, 'SBI_ResidencyRoad', 5000);
INSERT INTO BankAccount (Accno, Branch_name, Balance) VALUES (3, 'SBI_ShivajiRoad', 6000);
INSERT INTO BankAccount (Accno, Branch_name, Balance) VALUES (4, 'SBI_ParlimentRoad', 9000);
INSERT INTO BankAccount (Accno, Branch_name, Balance) VALUES (5, 'SBI_Jantarmantar', 8000);
INSERT INTO BankAccount (Accno, Branch_name, Balance) VALUES (6, 'SBI_ShivajiRoad', 4000);
INSERT INTO BankAccount (Accno, Branch_name, Balance) VALUES (7, 'SBI_ResidencyRoad', 4000);
INSERT INTO BankAccount (Accno, Branch_name, Balance) VALUES (8, 'SBI_ParlimentRoad', 3000);
INSERT INTO BankAccount (Accno, Branch_name, Balance) VALUES (9, 'SBI_ResidencyRoad', 5000);
INSERT INTO BankAccount (Accno, Branch_name, Balance) VALUES (10, 'SBI_Jantarmantar', 2000);

-- Insert into BankCustomer table
INSERT INTO BankCustomer (Customername, Customer_street, CustomerCity) VALUES ('Avinash', 'Bull_Temple_Road', 'Bangalore');
INSERT INTO BankCustomer (Customername, Customer_street, CustomerCity) VALUES ('Dinesh', 'Banerghatta_Road', 'Bangalore');
INSERT INTO BankCustomer (Customername, Customer_street, CustomerCity) VALUES ('Mohan', 'NationalCollege_Road', 'Bangalore');
INSERT INTO BankCustomer (Customername, Customer_street, CustomerCity) VALUES ('Nikil', 'Akbar_Road', 'Delhi');
INSERT INTO BankCustomer (Customername, Customer_street, CustomerCity) VALUES ('Ravi', 'Prithviraj_Road', 'Delhi');

-- Insert into Depositor table
INSERT INTO Depositor (Customername, Accno) VALUES ('Avinash', 1);
INSERT INTO Depositor (Customername, Accno) VALUES ('Dinesh', 2);
INSERT INTO Depositor (Customername, Accno) VALUES ('Nikil', 3);
INSERT INTO Depositor (Customername, Accno) VALUES ('Ravi', 4);
INSERT INTO Depositor (Customername, Accno) VALUES ('Avinash', 8);
INSERT INTO Depositor (Customername, Accno) VALUES ('Nikil', 9);
INSERT INTO Depositor (Customername, Accno) VALUES ('Dinesh', 10);
INSERT INTO Depositor (Customername, Accno) VALUES ('Nikil', 10);

-- Insert into Loan table
INSERT INTO Loan (Loan_number, Branch_name, Amount) VALUES (1, 'SBI_Chamrajpet', 1000);
INSERT INTO Loan (Loan_number, Branch_name, Amount) VALUES (2, 'SBI_ResidencyRoad', 2000);
INSERT INTO Loan (Loan_number, Branch_name, Amount) VALUES (3, 'SBI_ShivajiRoad', 3000);
INSERT INTO Loan (Loan_number, Branch_name, Amount) VALUES (4, 'SBI_ParlimentRoad', 4000);
INSERT INTO Loan (Loan_number, Branch_name, Amount) VALUES (5, 'SBI_Jantarmantar', 5000);

-- Query to select all from each table
SELECT * FROM branch;
SELECT * FROM BankAccount;
SELECT * FROM BankCustomer;
SELECT * FROM Depositor;
SELECT * FROM Loan;



select d.Customername 
from depositor d, 
Bankaccount b 
where d.accno=b.accno and Branch_name="SBI_ResidencyRoad"

EOF ;

select Branch_name,
assets/100000 AS assests_in_lakhs
From branch 


SELECT * FROM BankAccount;
UPDATE BankAccount
SET Balance = Balance + Balance * 0.05;
SELECT * FROM BankAccount;