DROP database newdatabase;
create database newdatabase;
use newdatabase;

CREATE TABLE dept (
    deptno DECIMAL(2, 0) PRIMARY KEY,
    dname VARCHAR(14) DEFAULT NULL,
    loc VARCHAR(13) DEFAULT NULL
);


CREATE TABLE emp (
    empno DECIMAL(4, 0) PRIMARY KEY,
    ename VARCHAR(10) DEFAULT NULL,
    mgr_no DECIMAL(4, 0) DEFAULT NULL,
    hiredate DATE DEFAULT NULL,
    sal DECIMAL(10, 2) DEFAULT NULL,
    deptno DECIMAL(2, 0) REFERENCES dept(deptno) ON DELETE CASCADE ON UPDATE CASCADE
);


CREATE TABLE incentives (
    empno DECIMAL(4, 0) REFERENCES emp(empno) ON DELETE CASCADE ON UPDATE CASCADE,
    incentive_date DATE,
    incentive_amount DECIMAL(9, 2),
    PRIMARY KEY(empno, incentive_date)
);


CREATE TABLE project (
    pno INT PRIMARY KEY,
    pname VARCHAR(30) NOT NULL,
    ploc VARCHAR(30)
);


CREATE TABLE assigned_to (
    empno DECIMAL(4, 0) REFERENCES emp(empno) ON DELETE CASCADE ON UPDATE CASCADE,
    pno INT REFERENCES project(pno) ON DELETE CASCADE ON UPDATE CASCADE,
    job_role VARCHAR(30),
    PRIMARY KEY(empno, pno)
);


SHOW TABLES;


INSERT INTO dept VALUES (10, 'ACCOUNTING', 'MUMBAI');
INSERT INTO dept VALUES (20, 'RESEARCH', 'BENGALURU');
INSERT INTO dept VALUES (30, 'SALES', 'DELHI');
INSERT INTO dept VALUES (40, 'OPERATIONS', 'CHENNAI');
INSERT INTO dept VALUES (50, 'HR', 'PUNE');
INSERT INTO dept VALUES (60, 'IT', 'HYDERABAD');


INSERT INTO emp VALUES (7369, 'Adarsh', 7902, '2012-12-17', 80000.00, 20);
INSERT INTO emp VALUES (7499, 'Shruthi', 7698, '2013-02-20', 16000.00, 30);
INSERT INTO emp VALUES (7521, 'Anvitha', 7698, '2015-02-22', 12500.00, 30);
INSERT INTO emp VALUES (7566, 'Tanvir', 7839, '2008-04-02', 29750.00, 20);
INSERT INTO emp VALUES (7654, 'Ramesh', 7698, '2014-09-28', 12500.00, 30);
INSERT INTO emp VALUES (7698, 'Kumar', 7839, '2015-05-01', 28500.00, 30);
INSERT INTO emp VALUES (7782, 'CLARK', 7839, '2017-06-09', 24500.00, 10);
INSERT INTO emp VALUES (7788, 'SCOTT', 7566, '2010-12-09', 30000.00, 20);
INSERT INTO emp VALUES (7839, 'KING', NULL, '2009-11-17', 500000.00, 10);
INSERT INTO emp VALUES (7844, 'TURNER', 7698, '2010-09-08', 15000.00, 30);
INSERT INTO emp VALUES (7876, 'ADAMS', 7788, '2013-01-12', 11000.00, 20);
INSERT INTO emp VALUES (7900, 'JAMES', 7698, '2017-12-03', 9500.00, 30);
INSERT INTO emp VALUES (7902, 'FORD', 7566, '2010-12-03', 30000.00, 20);


INSERT INTO incentives VALUES (7499, '2019-02-01', 5000.00);
INSERT INTO incentives VALUES (7521, '2019-03-01', 2500.00);
INSERT INTO incentives VALUES (7566, '2022-02-01', 5070.00);
INSERT INTO incentives VALUES (7654, '2020-02-01', 2000.00);
INSERT INTO incentives VALUES (7654, '2022-04-01', 879.00);
INSERT INTO incentives VALUES (7521, '2019-02-01', 8000.00);
INSERT INTO incentives VALUES (7698, '2019-03-01', 500.00);
INSERT INTO incentives VALUES (7698, '2020-03-01', 9000.00);
INSERT INTO incentives VALUES (7698, '2022-04-01', 4500.00);
INSERT INTO incentives VALUES (7782, '2023-05-01', 1000.00);
INSERT INTO incentives VALUES (7900, '2023-06-15', 1500.00);


INSERT INTO project VALUES (101, 'AI Project', 'BENGALURU');
INSERT INTO project VALUES (102, 'IOT', 'HYDERABAD');
INSERT INTO project VALUES (103, 'BLOCKCHAIN', 'BENGALURU');
INSERT INTO project VALUES (104, 'DATA SCIENCE', 'MYSURU');
INSERT INTO project VALUES (105, 'AUTONOMOUS SYSTEMS', 'PUNE');
INSERT INTO project VALUES (106, 'WEB DEVELOPMENT', 'CHENNAI');


INSERT INTO assigned_to VALUES (7499, 101, 'Software Engineer');
INSERT INTO assigned_to VALUES (7521, 101, 'Software Architect');
INSERT INTO assigned_to VALUES (7566, 101, 'Project Manager');
INSERT INTO assigned_to VALUES (7654, 102, 'Sales');
INSERT INTO assigned_to VALUES (7521, 102, 'Software Engineer');
INSERT INTO assigned_to VALUES (7499, 102, 'Software Engineer');
INSERT INTO assigned_to VALUES (7654, 103, 'Cyber Security');
INSERT INTO assigned_to VALUES (7698, 104, 'Software Engineer');
INSERT INTO assigned_to VALUES (7900, 105, 'Software Engineer');
INSERT INTO assigned_to VALUES (7839, 104, 'General Manager');
INSERT INTO assigned_to VALUES (7844, 101, 'Business Analyst');
INSERT INTO assigned_to VALUES (7788, 106, 'Database Administrator');


SELECT * FROM dept;
SELECT * FROM emp;
SELECT * FROM incentives;
SELECT * FROM project;
SELECT * FROM assigned_to;

SELECT m.ename, COUNT(*) AS num_employees
FROM emp e
JOIN emp m ON e.mgr_no = m.empno
GROUP BY m.ename
HAVING COUNT(*) = (
    SELECT MAX(mycount)
    FROM (
        SELECT COUNT(*) AS mycount
        FROM emp
        GROUP BY mgr_no
    ) AS a
);

SELECT *
FROM emp m
WHERE m.empno IN (
    SELECT mgr_no
    FROM emp
)
AND m.sal > (
    SELECT AVG(e.sal)
    FROM emp e
    WHERE e.mgr_no = m.empno
);

SELECT *
FROM emp e
JOIN incentives i ON e.empno = i.empno
WHERE 2 = (
    SELECT COUNT(*)
    FROM incentives j
    WHERE j.incentive_amount >= i.incentive_amount
);
 
 SELECT *
FROM EMP E
WHERE E.MGR_NO IS NOT NULL
AND E.DEPTNO IN (
    SELECT E1.DEPTNO
    FROM EMP E1
    WHERE E1.EMPNO = E.MGR_NO
);

SELECT *
FROM EMP E
WHERE E.MGR_NO IS NOT NULL
AND E.DEPTNO IN (
    SELECT E1.DEPTNO
    FROM EMP E1
    WHERE E1.EMPNO = E.MGR_NO
);
SELECT
    e1.DEPTNO,
    e1.ENAME AS second_top_level_manager
FROM
    EMP e1
WHERE
    e1.SAL = (
        SELECT MAX(e2.SAL)
        FROM EMP e2
        WHERE e2.DEPTNO = e1.DEPTNO
          AND e2.SAL < (
              SELECT MAX(e3.SAL)
              FROM EMP e3
              WHERE e3.DEPTNO = e1.DEPTNO
          )
    );